,CELL_ID,CELL_TYPE,CELL_CLASS
1202,1203,Tumor 1,Tumor
0,1,Tumor 2 (Ki67 Proliferating),Tumor
2,3,Tumor 4,Tumor
67,68,Tumor 4,Tumor
5,6,Tumor 3,Tumor
53,54,Tumor 4,Tumor
14,15,Tumor 4,Tumor
2978,2979,Tumor 3,Tumor
1224,1225,Tumor 1,Tumor
121,122,Tumor 4,Tumor
1106,1107,Tumor 3,Tumor
59,60,Tumor 3,Tumor
559,560,Tumor 4,Tumor
1989,1990,Tumor 1,Tumor
2027,2028,Tumor 1,Tumor
2278,2279,Tumor 1,Tumor
1990,1991,Tumor 1,Tumor
2069,2070,Tumor 1,Tumor
2770,2771,Tumor 1,Tumor
2745,2746,Tumor 1,Tumor
481,482,Tumor 2 (Ki67 Proliferating),Tumor
516,517,Tumor 3,Tumor
555,556,Tumor 2 (Ki67 Proliferating),Tumor
776,777,Tumor 2 (Ki67 Proliferating),Tumor
1559,1560,Tumor 3,Tumor
1542,1543,Tumor 4,Tumor
1472,1473,Tumor 4,Tumor
240,241,Tumor 4,Tumor
174,175,Tumor 2 (Ki67 Proliferating),Tumor
13,14,Tumor 4,Tumor
6,7,Tumor 4,Tumor
99,100,Tumor 2 (Ki67 Proliferating),Tumor
70,71,Tumor 4,Tumor
1566,1567,Tumor 3,Tumor
1478,1479,Tumor 2 (Ki67 Proliferating),Tumor
1555,1556,Tumor 7,Tumor
1595,1596,Tumor 3,Tumor
1197,1198,Tumor 1,Tumor
22,23,Tumor 2 (Ki67 Proliferating),Tumor
17,18,Tumor 4,Tumor
78,79,Tumor 4,Tumor
107,108,Tumor 3,Tumor
73,74,Tumor 3,Tumor
49,50,Tumor 3,Tumor
356,357,Tumor 2 (Ki67 Proliferating),Tumor
229,230,Tumor 4,Tumor
1972,1973,Tumor 1,Tumor
2035,2036,Tumor 1,Tumor
1980,1981,Tumor 1,Tumor
2058,2059,Tumor 1,Tumor
2091,2092,Tumor 1,Tumor
1691,1692,Tumor 4,Tumor
1724,1725,Tumor 4,Tumor
1612,1613,Tumor 2 (Ki67 Proliferating),Tumor
1631,1632,Tumor 3,Tumor
1337,1338,Tumor 1,Tumor
1267,1268,Tumor 2 (Ki67 Proliferating),Tumor
417,418,Tumor 4,Tumor
1960,1961,Tumor 1,Tumor
2809,2810,Tumor 1,Tumor
2792,2793,Tumor 1,Tumor
2839,2840,Tumor 1,Tumor
2769,2770,Tumor 1,Tumor
2812,2813,Tumor 1,Tumor
2855,2856,Tumor 1,Tumor
2905,2906,Tumor 4,Tumor
2844,2845,Tumor 1,Tumor
2866,2867,Tumor 1,Tumor
2840,2841,Tumor 1,Tumor
1834,1835,Tumor 2 (Ki67 Proliferating),Tumor
1676,1677,Tumor 4,Tumor
1596,1597,Tumor 2 (Ki67 Proliferating),Tumor
1661,1662,Tumor 2 (Ki67 Proliferating),Tumor
1716,1717,Tumor 2 (Ki67 Proliferating),Tumor
1658,1659,Tumor 4,Tumor
1698,1699,Tumor 4,Tumor
2096,2097,Tumor 4,Tumor
1715,1716,Tumor 2 (Ki67 Proliferating),Tumor
1515,1516,Tumor 3,Tumor
1545,1546,Tumor 4,Tumor
1573,1574,Tumor 2 (Ki67 Proliferating),Tumor
1718,1719,Tumor 7,Tumor
1739,1740,Tumor 1,Tumor
2758,2759,Tumor 3,Tumor
2113,2114,Tumor 2 (Ki67 Proliferating),Tumor
2083,2084,Tumor 2 (Ki67 Proliferating),Tumor
2165,2166,Tumor 2 (Ki67 Proliferating),Tumor
1799,1800,Tumor 4,Tumor
2193,2194,Tumor 2 (Ki67 Proliferating),Tumor
2984,2985,Tumor 6 / DC,Tumor
2541,2542,Tumor 3,Tumor
2534,2535,Tumor 3,Tumor
2949,2950,Tumor 6 / DC,Tumor
2751,2752,Tumor 3,Tumor
613,614,Tumor 6 / DC,Tumor
120,121,Tumor 4,Tumor
343,344,Tumor 3,Tumor
313,314,Tumor 2 (Ki67 Proliferating),Tumor
371,372,Tumor 2 (Ki67 Proliferating),Tumor
441,442,Tumor 6 / DC,Tumor
413,414,Tumor 6 / DC,Tumor
1211,1212,Tumor 2 (Ki67 Proliferating),Tumor
734,735,Tumor 7,Tumor
1540,1541,Tumor 2 (Ki67 Proliferating),Tumor
1511,1512,Tumor 2 (Ki67 Proliferating),Tumor
1548,1549,Tumor 2 (Ki67 Proliferating),Tumor
1432,1433,Tumor 4,Tumor
1344,1345,Tumor 2 (Ki67 Proliferating),Tumor
1354,1355,Tumor 2 (Ki67 Proliferating),Tumor
671,672,Tumor 7,Tumor
714,715,Tumor 7,Tumor
452,453,Tumor 7,Tumor
1114,1115,Tumor 7,Tumor
1074,1075,Tumor 7,Tumor
1118,1119,Tumor 7,Tumor
1110,1111,Tumor 1,Tumor
1149,1150,Tumor 6 / DC,Tumor
1205,1206,Tumor 3,Tumor
1179,1180,Tumor 7,Tumor
979,980,Tumor 7,Tumor
1043,1044,Tumor 6 / DC,Tumor
886,887,Tumor 7,Tumor
1013,1014,Tumor 1,Tumor
951,952,Tumor 7,Tumor
940,941,Tumor 1,Tumor
1042,1043,Tumor 1,Tumor
1063,1064,Tumor 7,Tumor
1178,1179,Tumor 1,Tumor
1666,1667,Tumor 3,Tumor
1640,1641,Tumor 7,Tumor
1733,1734,Tumor 3,Tumor
1513,1514,Tumor 1,Tumor
1552,1553,Tumor 6 / DC,Tumor
1589,1590,Tumor 2 (Ki67 Proliferating),Tumor
1663,1664,Tumor 1,Tumor
1650,1651,Tumor 1,Tumor
1598,1599,Tumor 1,Tumor
1619,1620,Tumor 1,Tumor
1700,1701,Tumor 7,Tumor
1682,1683,Tumor 2 (Ki67 Proliferating),Tumor
1502,1503,Tumor 4,Tumor
1536,1537,Tumor 2 (Ki67 Proliferating),Tumor
1532,1533,Tumor 2 (Ki67 Proliferating),Tumor
1537,1538,Tumor 2 (Ki67 Proliferating),Tumor
1494,1495,Tumor 4,Tumor
1444,1445,Tumor 2 (Ki67 Proliferating),Tumor
1316,1317,Tumor 2 (Ki67 Proliferating),Tumor
849,850,Tumor 2 (Ki67 Proliferating),Tumor
1012,1013,Tumor 2 (Ki67 Proliferating),Tumor
9,10,Tumor 4,Tumor
26,27,Tumor 4,Tumor
1711,1712,Tumor 3,Tumor
1690,1691,Tumor 3,Tumor
1652,1653,Tumor 3,Tumor
1576,1577,Tumor 7,Tumor
1543,1544,Tumor 1,Tumor
1289,1290,Tumor 1,Tumor
1696,1697,Tumor 7,Tumor
1726,1727,Tumor 1,Tumor
1546,1547,Tumor 6 / DC,Tumor
1479,1480,Tumor 2 (Ki67 Proliferating),Tumor
1520,1521,Tumor 1,Tumor
1129,1130,Tumor 2 (Ki67 Proliferating),Tumor
1144,1145,Tumor 2 (Ki67 Proliferating),Tumor
1068,1069,Tumor 3,Tumor
1243,1244,Tumor 2 (Ki67 Proliferating),Tumor
1196,1197,Tumor 3,Tumor
1249,1250,Tumor 3,Tumor
56,57,Tumor 3,Tumor
45,46,Tumor 3,Tumor
29,30,Tumor 3,Tumor
58,59,Tumor 2 (Ki67 Proliferating),Tumor
81,82,Tumor 2 (Ki67 Proliferating),Tumor
80,81,Tumor 3,Tumor
71,72,Tumor 3,Tumor
64,65,Tumor 3,Tumor
89,90,Tumor 3,Tumor
90,91,Tumor 3,Tumor
1477,1478,Tumor 7,Tumor
1373,1374,Tumor 2 (Ki67 Proliferating),Tumor
670,671,Tumor 4,Tumor
616,617,Tumor 2 (Ki67 Proliferating),Tumor
583,584,Tumor 4,Tumor
618,619,Tumor 4,Tumor
678,679,Tumor 2 (Ki67 Proliferating),Tumor
1647,1648,Tumor 3,Tumor
1613,1614,Tumor 4,Tumor
1656,1657,Tumor 1,Tumor
1547,1548,Tumor 4,Tumor
1649,1650,Tumor 1,Tumor
1456,1457,Tumor 2 (Ki67 Proliferating),Tumor
1483,1484,Tumor 1,Tumor
1384,1385,Tumor 3,Tumor
1617,1618,Tumor 3,Tumor
1995,1996,Tumor 1,Tumor
3001,3002,Tumor 4,Tumor
2981,2982,Tumor 1,Tumor
2950,2951,Tumor 4,Tumor
2936,2937,Tumor 1,Tumor
3021,3022,Tumor 4,Tumor
1451,1452,Tumor 3,Tumor
1420,1421,Tumor 6 / DC,Tumor
1689,1690,Tumor 2 (Ki67 Proliferating),Tumor
1607,1608,Tumor 2 (Ki67 Proliferating),Tumor
1646,1647,Tumor 2 (Ki67 Proliferating),Tumor
1565,1566,Tumor 3,Tumor
1789,1790,Tumor 4,Tumor
1856,1857,Tumor 4,Tumor
1875,1876,Tumor 2 (Ki67 Proliferating),Tumor
1675,1676,Tumor 6 / DC,Tumor
1637,1638,Tumor 2 (Ki67 Proliferating),Tumor
1763,1764,Tumor 2 (Ki67 Proliferating),Tumor
1809,1810,Tumor 4,Tumor
1771,1772,Tumor 2 (Ki67 Proliferating),Tumor
1517,1518,Tumor 2 (Ki67 Proliferating),Tumor
1519,1520,Tumor 2 (Ki67 Proliferating),Tumor
1550,1551,Tumor 2 (Ki67 Proliferating),Tumor
1554,1555,Tumor 2 (Ki67 Proliferating),Tumor
1528,1529,Tumor 3,Tumor
1490,1491,Tumor 3,Tumor
1441,1442,Tumor 2 (Ki67 Proliferating),Tumor
1426,1427,Tumor 2 (Ki67 Proliferating),Tumor
1597,1598,Tumor 3,Tumor
1473,1474,Tumor 4,Tumor
1523,1524,Tumor 4,Tumor
1570,1571,Tumor 2 (Ki67 Proliferating),Tumor
2666,2667,Tumor 1,Tumor
2685,2686,Tumor 1,Tumor
2613,2614,Tumor 1,Tumor
2726,2727,Tumor 1,Tumor
1272,1273,Tumor 2 (Ki67 Proliferating),Tumor
1228,1229,Tumor 2 (Ki67 Proliferating),Tumor
1200,1201,Tumor 2 (Ki67 Proliferating),Tumor
1608,1609,Tumor 4,Tumor
1748,1749,Tumor 2 (Ki67 Proliferating),Tumor
1705,1706,Tumor 2 (Ki67 Proliferating),Tumor
1669,1670,Tumor 7,Tumor
1636,1637,Tumor 2 (Ki67 Proliferating),Tumor
1735,1736,Tumor 6 / DC,Tumor
3036,3037,Tumor 4,Tumor
1756,1757,Tumor 3,Tumor
1803,1804,Tumor 3,Tumor
2683,2684,Tumor 2 (Ki67 Proliferating),Tumor
2806,2807,Tumor 3,Tumor
2841,2842,Tumor 3,Tumor
2144,2145,Tumor 3,Tumor
2495,2496,Tumor 2 (Ki67 Proliferating),Tumor
2526,2527,Tumor 2 (Ki67 Proliferating),Tumor
2310,2311,Tumor 4,Tumor
1831,1832,Tumor 4,Tumor
1786,1787,Tumor 2 (Ki67 Proliferating),Tumor
1850,1851,Tumor 2 (Ki67 Proliferating),Tumor
1822,1823,Tumor 4,Tumor
1779,1780,Tumor 2 (Ki67 Proliferating),Tumor
1909,1910,Tumor 4,Tumor
1895,1896,Tumor 2 (Ki67 Proliferating),Tumor
1854,1855,Tumor 4,Tumor
1775,1776,Tumor 2 (Ki67 Proliferating),Tumor
2863,2864,Tumor 7,Tumor
2732,2733,Tumor 1,Tumor
2968,2969,Tumor 3,Tumor
3039,3040,Tumor 4,Tumor
2964,2965,Tumor 3,Tumor
3037,3038,Tumor 4,Tumor
2551,2552,Tumor 4,Tumor
2614,2615,Tumor 2 (Ki67 Proliferating),Tumor
2810,2811,Tumor 3,Tumor
2933,2934,Tumor 3,Tumor
2938,2939,Tumor 3,Tumor
2911,2912,Tumor 3,Tumor
2926,2927,Tumor 7,Tumor
2941,2942,Tumor 6 / DC,Tumor
2921,2922,Tumor 3,Tumor
2736,2737,Tumor 3,Tumor
621,622,Tumor 2 (Ki67 Proliferating),Tumor
442,443,Tumor 3,Tumor
550,551,Tumor 2 (Ki67 Proliferating),Tumor
588,589,Tumor 2 (Ki67 Proliferating),Tumor
587,588,Tumor 2 (Ki67 Proliferating),Tumor
584,585,Tumor 2 (Ki67 Proliferating),Tumor
744,745,Tumor 6 / DC,Tumor
672,673,Tumor 7,Tumor
662,663,Tumor 3,Tumor
647,648,Tumor 1,Tumor
610,611,Tumor 6 / DC,Tumor
612,613,Tumor 7,Tumor
309,310,Tumor 1,Tumor
1,2,Tumor 4,Tumor
298,299,Tumor 2 (Ki67 Proliferating),Tumor
283,284,Tumor 6 / DC,Tumor
296,297,Tumor 2 (Ki67 Proliferating),Tumor
1475,1476,Tumor 2 (Ki67 Proliferating),Tumor
1507,1508,Tumor 4,Tumor
1445,1446,Tumor 2 (Ki67 Proliferating),Tumor
1533,1534,Tumor 2 (Ki67 Proliferating),Tumor
1485,1486,Tumor 2 (Ki67 Proliferating),Tumor
851,852,Tumor 3,Tumor
806,807,Tumor 4,Tumor
775,776,Tumor 6 / DC,Tumor
756,757,Tumor 2 (Ki67 Proliferating),Tumor
1593,1594,Tumor 2 (Ki67 Proliferating),Tumor
1679,1680,Tumor 2 (Ki67 Proliferating),Tumor
1355,1356,Tumor 2 (Ki67 Proliferating),Tumor
1317,1318,Tumor 6 / DC,Tumor
1450,1451,Tumor 3,Tumor
1394,1395,Tumor 3,Tumor
1530,1531,Tumor 3,Tumor
1495,1496,Tumor 2 (Ki67 Proliferating),Tumor
1374,1375,Tumor 4,Tumor
1292,1293,Tumor 2 (Ki67 Proliferating),Tumor
1879,1880,Tumor 7,Tumor
2251,2252,Tumor 7,Tumor
2171,2172,Tumor 4,Tumor
2276,2277,Tumor 3,Tumor
2280,2281,Tumor 4,Tumor
2365,2366,Tumor 4,Tumor
689,690,Tumor 2 (Ki67 Proliferating),Tumor
567,568,Tumor 3,Tumor
630,631,Tumor 3,Tumor
633,634,Tumor 2 (Ki67 Proliferating),Tumor
660,661,Tumor 6 / DC,Tumor
603,604,Tumor 3,Tumor
586,587,Tumor 2 (Ki67 Proliferating),Tumor
381,382,Tumor 1,Tumor
421,422,Tumor 1,Tumor
354,355,Tumor 1,Tumor
267,268,Tumor 4,Tumor
1392,1393,Tumor 4,Tumor
1323,1324,Tumor 6 / DC,Tumor
1235,1236,Tumor 7,Tumor
1282,1283,Tumor 7,Tumor
1350,1351,Tumor 3,Tumor
1493,1494,Tumor 3,Tumor
1489,1490,Tumor 6 / DC,Tumor
1390,1391,Tumor 2 (Ki67 Proliferating),Tumor
1431,1432,Tumor 4,Tumor
1469,1470,Tumor 2 (Ki67 Proliferating),Tumor
1414,1415,Tumor 2 (Ki67 Proliferating),Tumor
1437,1438,Tumor 2 (Ki67 Proliferating),Tumor
1583,1584,Tumor 2 (Ki67 Proliferating),Tumor
1641,1642,Tumor 6 / DC,Tumor
1684,1685,Tumor 3,Tumor
1720,1721,Tumor 4,Tumor
1642,1643,Tumor 2 (Ki67 Proliferating),Tumor
1269,1270,Tumor 2 (Ki67 Proliferating),Tumor
130,131,Tumor 4,Tumor
83,84,Tumor 3,Tumor
85,86,Tumor 2 (Ki67 Proliferating),Tumor
164,165,Tumor 2 (Ki67 Proliferating),Tumor
648,649,Tumor 2 (Ki67 Proliferating),Tumor
652,653,Tumor 2 (Ki67 Proliferating),Tumor
799,800,Tumor 2 (Ki67 Proliferating),Tumor
729,730,Tumor 2 (Ki67 Proliferating),Tumor
763,764,Tumor 2 (Ki67 Proliferating),Tumor
709,710,Tumor 3,Tumor
11,12,Tumor 3,Tumor
55,56,Tumor 2 (Ki67 Proliferating),Tumor
72,73,Tumor 3,Tumor
37,38,Tumor 4,Tumor
52,53,Tumor 3,Tumor
38,39,Tumor 2 (Ki67 Proliferating),Tumor
36,37,Tumor 4,Tumor
1508,1509,Tumor 7,Tumor
1521,1522,Tumor 3,Tumor
1544,1545,Tumor 3,Tumor
10,11,Tumor 4,Tumor
33,34,Tumor 2 (Ki67 Proliferating),Tumor
4,5,Tumor 4,Tumor
3,4,Tumor 4,Tumor
7,8,Tumor 4,Tumor
16,17,Tumor 2 (Ki67 Proliferating),Tumor
125,126,Tumor 3,Tumor
105,106,Tumor 3,Tumor
151,152,Tumor 3,Tumor
123,124,Tumor 2 (Ki67 Proliferating),Tumor
1299,1300,Tumor 2 (Ki67 Proliferating),Tumor
1207,1208,Tumor 3,Tumor
1343,1344,Tumor 2 (Ki67 Proliferating),Tumor
1376,1377,Tumor 2 (Ki67 Proliferating),Tumor
1321,1322,Tumor 2 (Ki67 Proliferating),Tumor
926,927,Tumor 2 (Ki67 Proliferating),Tumor
832,833,Tumor 3,Tumor
894,895,Tumor 2 (Ki67 Proliferating),Tumor
962,963,Tumor 3,Tumor
691,692,Tumor 2 (Ki67 Proliferating),Tumor
853,854,Tumor 2 (Ki67 Proliferating),Tumor
1078,1079,Tumor 4,Tumor
1091,1092,Tumor 1,Tumor
1135,1136,Tumor 2 (Ki67 Proliferating),Tumor
1213,1214,Tumor 2 (Ki67 Proliferating),Tumor
307,308,Tumor 4,Tumor
332,333,Tumor 4,Tumor
284,285,Tumor 4,Tumor
118,119,Tumor 4,Tumor
1527,1528,Tumor 1,Tumor
1572,1573,Tumor 7,Tumor
1556,1557,Tumor 1,Tumor
1500,1501,Tumor 3,Tumor
1482,1483,Tumor 1,Tumor
1501,1502,Tumor 1,Tumor
1571,1572,Tumor 1,Tumor
1424,1425,Tumor 1,Tumor
1457,1458,Tumor 3,Tumor
1300,1301,Tumor 4,Tumor
1368,1369,Tumor 1,Tumor
1401,1402,Tumor 1,Tumor
1702,1703,Tumor 3,Tumor
2042,2043,Tumor 1,Tumor
2913,2914,Tumor 1,Tumor
2831,2832,Tumor 1,Tumor
2879,2880,Tumor 1,Tumor
2791,2792,Tumor 3,Tumor
2600,2601,Tumor 3,Tumor
2942,2943,Tumor 7,Tumor
3007,3008,Tumor 1,Tumor
2975,2976,Tumor 7,Tumor
3031,3032,Tumor 4,Tumor
3008,3009,Tumor 1,Tumor
3032,3033,Tumor 4,Tumor
3026,3027,Tumor 4,Tumor
2989,2990,Tumor 1,Tumor
2945,2946,Tumor 1,Tumor
1992,1993,Tumor 2 (Ki67 Proliferating),Tumor
1878,1879,Tumor 2 (Ki67 Proliferating),Tumor
1767,1768,Tumor 4,Tumor
1795,1796,Tumor 6 / DC,Tumor
1750,1751,Tumor 4,Tumor
1842,1843,Tumor 2 (Ki67 Proliferating),Tumor
1840,1841,Tumor 4,Tumor
1744,1745,Tumor 2 (Ki67 Proliferating),Tumor
1833,1834,Tumor 2 (Ki67 Proliferating),Tumor
1851,1852,Tumor 2 (Ki67 Proliferating),Tumor
1512,1513,Tumor 2 (Ki67 Proliferating),Tumor
1471,1472,Tumor 3,Tumor
1526,1527,Tumor 3,Tumor
1893,1894,Tumor 2 (Ki67 Proliferating),Tumor
1837,1838,Tumor 6 / DC,Tumor
2223,2224,Tumor 2 (Ki67 Proliferating),Tumor
2694,2695,Tumor 1,Tumor
1991,1992,Tumor 2 (Ki67 Proliferating),Tumor
1755,1756,Tumor 1,Tumor
1806,1807,Tumor 4,Tumor
1678,1679,Tumor 7,Tumor
1765,1766,Tumor 3,Tumor
1813,1814,Tumor 2 (Ki67 Proliferating),Tumor
1761,1762,Tumor 2 (Ki67 Proliferating),Tumor
1721,1722,Tumor 3,Tumor
1627,1628,Tumor 2 (Ki67 Proliferating),Tumor
1657,1658,Tumor 2 (Ki67 Proliferating),Tumor
1626,1627,Tumor 3,Tumor
1551,1552,Tumor 3,Tumor
1582,1583,Tumor 2 (Ki67 Proliferating),Tumor
1620,1621,Tumor 2 (Ki67 Proliferating),Tumor
1712,1713,Tumor 7,Tumor
1754,1755,Tumor 3,Tumor
1727,1728,Tumor 2 (Ki67 Proliferating),Tumor
1760,1761,Tumor 3,Tumor
1704,1705,Tumor 7,Tumor
1683,1684,Tumor 2 (Ki67 Proliferating),Tumor
1653,1654,Tumor 6 / DC,Tumor
1740,1741,Tumor 3,Tumor
1670,1671,Tumor 2 (Ki67 Proliferating),Tumor
1734,1735,Tumor 3,Tumor
1643,1644,Tumor 6 / DC,Tumor
1687,1688,Tumor 7,Tumor
2586,2587,Tumor 4,Tumor
2587,2588,Tumor 1,Tumor
2714,2715,Tumor 7,Tumor
2320,2321,Tumor 4,Tumor
1861,1862,Tumor 2 (Ki67 Proliferating),Tumor
1804,1805,Tumor 2 (Ki67 Proliferating),Tumor
1816,1817,Tumor 1,Tumor
1860,1861,Tumor 1,Tumor
1839,1840,Tumor 2 (Ki67 Proliferating),Tumor
1902,1903,Tumor 7,Tumor
1785,1786,Tumor 2 (Ki67 Proliferating),Tumor
2609,2610,Tumor 2 (Ki67 Proliferating),Tumor
2579,2580,Tumor 2 (Ki67 Proliferating),Tumor
2533,2534,Tumor 4,Tumor
2514,2515,Tumor 5,Tumor
2510,2511,Tumor 4,Tumor
2578,2579,Tumor 2 (Ki67 Proliferating),Tumor
2206,2207,Tumor 4,Tumor
2021,2022,Tumor 3,Tumor
2101,2102,Tumor 2 (Ki67 Proliferating),Tumor
2138,2139,Tumor 4,Tumor
1624,1625,Tumor 2 (Ki67 Proliferating),Tumor
1622,1623,Tumor 4,Tumor
1578,1579,Tumor 4,Tumor
1605,1606,Tumor 2 (Ki67 Proliferating),Tumor
1958,1959,Tumor 2 (Ki67 Proliferating),Tumor
2066,2067,Tumor 2 (Ki67 Proliferating),Tumor
2122,2123,Tumor 4,Tumor
2704,2705,Tumor 3,Tumor
2689,2690,Tumor 3,Tumor
2655,2656,Tumor 3,Tumor
2723,2724,Tumor 7,Tumor
2680,2681,Tumor 3,Tumor
2985,2986,Tumor 7,Tumor
3010,3011,Tumor 7,Tumor
2906,2907,Tumor 6 / DC,Tumor
2897,2898,Tumor 6 / DC,Tumor
2953,2954,Tumor 6 / DC,Tumor
3029,3030,Tumor 4,Tumor
2939,2940,Tumor 7,Tumor
2631,2632,Tumor 2 (Ki67 Proliferating),Tumor
2570,2571,Tumor 4,Tumor
2588,2589,Tumor 6 / DC,Tumor
2638,2639,Tumor 4,Tumor
2670,2671,Tumor 4,Tumor
2918,2919,Tumor 4,Tumor
2914,2915,Tumor 3,Tumor
2710,2711,Tumor 2 (Ki67 Proliferating),Tumor
2706,2707,Tumor 2 (Ki67 Proliferating),Tumor
2667,2668,Tumor 6 / DC,Tumor
2626,2627,Tumor 6 / DC,Tumor
556,557,Tumor 3,Tumor
601,602,Tumor 4,Tumor
453,454,Tumor 6 / DC,Tumor
477,478,Tumor 2 (Ki67 Proliferating),Tumor
568,569,Tumor 2 (Ki67 Proliferating),Tumor
655,656,Tumor 7,Tumor
711,712,Tumor 7,Tumor
692,693,Tumor 7,Tumor
457,458,Tumor 1,Tumor
412,413,Tumor 3,Tumor
357,358,Tumor 7,Tumor
480,481,Tumor 2 (Ki67 Proliferating),Tumor
522,523,Tumor 3,Tumor
368,369,Tumor 3,Tumor
342,343,Tumor 7,Tumor
321,322,Tumor 1,Tumor
387,388,Tumor 7,Tumor
377,378,Tumor 7,Tumor
329,330,Tumor 1,Tumor
346,347,Tumor 7,Tumor
1360,1361,Tumor 2 (Ki67 Proliferating),Tumor
1380,1381,Tumor 2 (Ki67 Proliferating),Tumor
1428,1429,Tumor 2 (Ki67 Proliferating),Tumor
1329,1330,Tumor 2 (Ki67 Proliferating),Tumor
1067,1068,Tumor 2 (Ki67 Proliferating),Tumor
1058,1059,Tumor 2 (Ki67 Proliferating),Tumor
1018,1019,Tumor 4,Tumor
1242,1243,Tumor 3,Tumor
1265,1266,Tumor 2 (Ki67 Proliferating),Tumor
1221,1222,Tumor 3,Tumor
1538,1539,Tumor 2 (Ki67 Proliferating),Tumor
1509,1510,Tumor 3,Tumor
1560,1561,Tumor 2 (Ki67 Proliferating),Tumor
1625,1626,Tumor 7,Tumor
1455,1456,Tumor 2 (Ki67 Proliferating),Tumor
1334,1335,Tumor 7,Tumor
1307,1308,Tumor 2 (Ki67 Proliferating),Tumor
1347,1348,Tumor 3,Tumor
944,945,Tumor 3,Tumor
1610,1611,Tumor 3,Tumor
1518,1519,Tumor 3,Tumor
1487,1488,Tumor 3,Tumor
1421,1422,Tumor 4,Tumor
1499,1500,Tumor 3,Tumor
1403,1404,Tumor 4,Tumor
1539,1540,Tumor 2 (Ki67 Proliferating),Tumor
1983,1984,Tumor 2 (Ki67 Proliferating),Tumor
2022,2023,Tumor 2 (Ki67 Proliferating),Tumor
1027,1028,Tumor 4,Tumor
1105,1106,Tumor 4,Tumor
846,847,Tumor 3,Tumor
950,951,Tumor 3,Tumor
698,699,Tumor 1,Tumor
1279,1280,Tumor 3,Tumor
1447,1448,Tumor 3,Tumor
1454,1455,Tumor 2 (Ki67 Proliferating),Tumor
1402,1403,Tumor 4,Tumor
1590,1591,Tumor 2 (Ki67 Proliferating),Tumor
561,562,Tumor 2 (Ki67 Proliferating),Tumor
261,262,Tumor 4,Tumor
216,217,Tumor 3,Tumor
269,270,Tumor 4,Tumor
253,254,Tumor 2 (Ki67 Proliferating),Tumor
227,228,Tumor 2 (Ki67 Proliferating),Tumor
297,298,Tumor 3,Tumor
242,243,Tumor 2 (Ki67 Proliferating),Tumor
211,212,Tumor 3,Tumor
76,77,Tumor 2 (Ki67 Proliferating),Tumor
169,170,Tumor 3,Tumor
190,191,Tumor 2 (Ki67 Proliferating),Tumor
579,580,Tumor 2 (Ki67 Proliferating),Tumor
773,774,Tumor 4,Tumor
828,829,Tumor 2 (Ki67 Proliferating),Tumor
937,938,Tumor 2 (Ki67 Proliferating),Tumor
528,529,Tumor 7,Tumor
518,519,Tumor 3,Tumor
500,501,Tumor 2 (Ki67 Proliferating),Tumor
547,548,Tumor 4,Tumor
513,514,Tumor 4,Tumor
535,536,Tumor 2 (Ki67 Proliferating),Tumor
60,61,Tumor 2 (Ki67 Proliferating),Tumor
1277,1278,Tumor 2 (Ki67 Proliferating),Tumor
1261,1262,Tumor 2 (Ki67 Proliferating),Tumor
1391,1392,Tumor 3,Tumor
19,20,Tumor 6 / DC,Tumor
12,13,Tumor 4,Tumor
8,9,Tumor 4,Tumor
23,24,Tumor 4,Tumor
20,21,Tumor 2 (Ki67 Proliferating),Tumor
153,154,Tumor 3,Tumor
173,174,Tumor 4,Tumor
117,118,Tumor 3,Tumor
137,138,Tumor 3,Tumor
94,95,Tumor 2 (Ki67 Proliferating),Tumor
132,133,Tumor 7,Tumor
96,97,Tumor 2 (Ki67 Proliferating),Tumor
79,80,Tumor 3,Tumor
1194,1195,Tumor 4,Tumor
1161,1162,Tumor 4,Tumor
1128,1129,Tumor 2 (Ki67 Proliferating),Tumor
720,721,Tumor 2 (Ki67 Proliferating),Tumor
833,834,Tumor 3,Tumor
893,894,Tumor 2 (Ki67 Proliferating),Tumor
801,802,Tumor 2 (Ki67 Proliferating),Tumor
798,799,Tumor 2 (Ki67 Proliferating),Tumor
1195,1196,Tumor 4,Tumor
1223,1224,Tumor 4,Tumor
1230,1231,Tumor 2 (Ki67 Proliferating),Tumor
1440,1441,Tumor 4,Tumor
1304,1305,Tumor 2 (Ki67 Proliferating),Tumor
397,398,Tumor 4,Tumor
489,490,Tumor 2 (Ki67 Proliferating),Tumor
358,359,Tumor 1,Tumor
363,364,Tumor 1,Tumor
228,229,Tumor 4,Tumor
259,260,Tumor 4,Tumor
159,160,Tumor 4,Tumor
251,252,Tumor 1,Tumor
274,275,Tumor 4,Tumor
501,502,Tumor 3,Tumor
1957,1958,Tumor 1,Tumor
1971,1972,Tumor 3,Tumor
2023,2024,Tumor 1,Tumor
1655,1656,Tumor 2 (Ki67 Proliferating),Tumor
1695,1696,Tumor 4,Tumor
1634,1635,Tumor 2 (Ki67 Proliferating),Tumor
1594,1595,Tumor 3,Tumor
1618,1619,Tumor 3,Tumor
1686,1687,Tumor 4,Tumor
1602,1603,Tumor 2 (Ki67 Proliferating),Tumor
1668,1669,Tumor 4,Tumor
2090,2091,Tumor 1,Tumor
2125,2126,Tumor 1,Tumor
2888,2889,Tumor 7,Tumor
2825,2826,Tumor 1,Tumor
2760,2761,Tumor 3,Tumor
2746,2747,Tumor 3,Tumor
2755,2756,Tumor 3,Tumor
2808,2809,Tumor 3,Tumor
2853,2854,Tumor 4,Tumor
2850,2851,Tumor 1,Tumor
2854,2855,Tumor 1,Tumor
2837,2838,Tumor 7,Tumor
2813,2814,Tumor 7,Tumor
2876,2877,Tumor 7,Tumor
2803,2804,Tumor 6 / DC,Tumor
2822,2823,Tumor 7,Tumor
2778,2779,Tumor 3,Tumor
2772,2773,Tumor 3,Tumor
2886,2887,Tumor 3,Tumor
3020,3021,Tumor 3,Tumor
1358,1359,Tumor 2 (Ki67 Proliferating),Tumor
1412,1413,Tumor 3,Tumor
1924,1925,Tumor 4,Tumor
1955,1956,Tumor 2 (Ki67 Proliferating),Tumor
1586,1587,Tumor 3,Tumor
1587,1588,Tumor 2 (Ki67 Proliferating),Tumor
1601,1602,Tumor 3,Tumor
1743,1744,Tumor 2 (Ki67 Proliferating),Tumor
1707,1708,Tumor 3,Tumor
1787,1788,Tumor 2 (Ki67 Proliferating),Tumor
1808,1809,Tumor 2 (Ki67 Proliferating),Tumor
1688,1689,Tumor 4,Tumor
1781,1782,Tumor 2 (Ki67 Proliferating),Tumor
1946,1947,Tumor 3,Tumor
2005,2006,Tumor 3,Tumor
2205,2206,Tumor 3,Tumor
2357,2358,Tumor 3,Tumor
2012,2013,Tumor 2 (Ki67 Proliferating),Tumor
2296,2297,Tumor 6 / DC,Tumor
2599,2600,Tumor 4,Tumor
2696,2697,Tumor 1,Tumor
2747,2748,Tumor 1,Tumor
2656,2657,Tumor 1,Tumor
2811,2812,Tumor 1,Tumor
1484,1485,Tumor 4,Tumor
1498,1499,Tumor 4,Tumor
1749,1750,Tumor 2 (Ki67 Proliferating),Tumor
1671,1672,Tumor 2 (Ki67 Proliferating),Tumor
1654,1655,Tumor 3,Tumor
1623,1624,Tumor 2 (Ki67 Proliferating),Tumor
2098,2099,Tumor 1,Tumor
1965,1966,Tumor 1,Tumor
2010,2011,Tumor 6 / DC,Tumor
1887,1888,Tumor 3,Tumor
1772,1773,Tumor 2 (Ki67 Proliferating),Tumor
1961,1962,Tumor 6 / DC,Tumor
1919,1920,Tumor 7,Tumor
2020,2021,Tumor 7,Tumor
3022,3023,Tumor 4,Tumor
1913,1914,Tumor 4,Tumor
2539,2540,Tumor 3,Tumor
2550,2551,Tumor 4,Tumor
2584,2585,Tumor 2 (Ki67 Proliferating),Tumor
2651,2652,Tumor 2 (Ki67 Proliferating),Tumor
2592,2593,Tumor 4,Tumor
2489,2490,Tumor 3,Tumor
2397,2398,Tumor 3,Tumor
2375,2376,Tumor 2 (Ki67 Proliferating),Tumor
2470,2471,Tumor 3,Tumor
2309,2310,Tumor 6 / DC,Tumor
2783,2784,Tumor 1,Tumor
2798,2799,Tumor 3,Tumor
2410,2411,Tumor 3,Tumor
2316,2317,Tumor 1,Tumor
2268,2269,Tumor 2 (Ki67 Proliferating),Tumor
2285,2286,Tumor 7,Tumor
2369,2370,Tumor 1,Tumor
2359,2360,Tumor 3,Tumor
2346,2347,Tumor 7,Tumor
2299,2300,Tumor 7,Tumor
2175,2176,Tumor 2 (Ki67 Proliferating),Tumor
1994,1995,Tumor 2 (Ki67 Proliferating),Tumor
1937,1938,Tumor 2 (Ki67 Proliferating),Tumor
2000,2001,Tumor 4,Tumor
1936,1937,Tumor 2 (Ki67 Proliferating),Tumor
2006,2007,Tumor 2 (Ki67 Proliferating),Tumor
2026,2027,Tumor 2 (Ki67 Proliferating),Tumor
3015,3016,Tumor 3,Tumor
2940,2941,Tumor 7,Tumor
2881,2882,Tumor 7,Tumor
2861,2862,Tumor 7,Tumor
2934,2935,Tumor 7,Tumor
2974,2975,Tumor 7,Tumor
2987,2988,Tumor 7,Tumor
2929,2930,Tumor 7,Tumor
2893,2894,Tumor 7,Tumor
2903,2904,Tumor 7,Tumor
2957,2958,Tumor 7,Tumor
2661,2662,Tumor 7,Tumor
2593,2594,Tumor 3,Tumor
443,444,Tumor 6 / DC,Tumor
551,552,Tumor 2 (Ki67 Proliferating),Tumor
680,681,Tumor 2 (Ki67 Proliferating),Tumor
669,670,Tumor 2 (Ki67 Proliferating),Tumor
732,733,Tumor 7,Tumor
748,749,Tumor 7,Tumor
863,864,Tumor 1,Tumor
805,806,Tumor 7,Tumor
1171,1172,Tumor 2 (Ki67 Proliferating),Tumor
486,487,Tumor 3,Tumor
558,559,Tumor 7,Tumor
548,549,Tumor 3,Tumor
1163,1164,Tumor 2 (Ki67 Proliferating),Tumor
1120,1121,Tumor 2 (Ki67 Proliferating),Tumor
1189,1190,Tumor 2 (Ki67 Proliferating),Tumor
1259,1260,Tumor 2 (Ki67 Proliferating),Tumor
1139,1140,Tumor 2 (Ki67 Proliferating),Tumor
1182,1183,Tumor 2 (Ki67 Proliferating),Tumor
1244,1245,Tumor 3,Tumor
1415,1416,Tumor 3,Tumor
1448,1449,Tumor 6 / DC,Tumor
1449,1450,Tumor 2 (Ki67 Proliferating),Tumor
970,971,Tumor 2 (Ki67 Proliferating),Tumor
1116,1117,Tumor 2 (Ki67 Proliferating),Tumor
1164,1165,Tumor 2 (Ki67 Proliferating),Tumor
1082,1083,Tumor 4,Tumor
1061,1062,Tumor 2 (Ki67 Proliferating),Tumor
930,931,Tumor 2 (Ki67 Proliferating),Tumor
1600,1601,Tumor 2 (Ki67 Proliferating),Tumor
1674,1675,Tumor 4,Tumor
1503,1504,Tumor 6 / DC,Tumor
1470,1471,Tumor 3,Tumor
2324,2325,Tumor 6 / DC,Tumor
2037,2038,Tumor 2 (Ki67 Proliferating),Tumor
1951,1952,Tumor 2 (Ki67 Proliferating),Tumor
938,939,Tumor 2 (Ki67 Proliferating),Tumor
1000,1001,Tumor 2 (Ki67 Proliferating),Tumor
1020,1021,Tumor 2 (Ki67 Proliferating),Tumor
628,629,Tumor 1,Tumor
600,601,Tumor 1,Tumor
571,572,Tumor 2 (Ki67 Proliferating),Tumor
717,718,Tumor 1,Tumor
695,696,Tumor 1,Tumor
743,744,Tumor 1,Tumor
642,643,Tumor 4,Tumor
1215,1216,Tumor 3,Tumor
1310,1311,Tumor 2 (Ki67 Proliferating),Tumor
1315,1316,Tumor 2 (Ki67 Proliferating),Tumor
1430,1431,Tumor 3,Tumor
1408,1409,Tumor 3,Tumor
122,123,Tumor 7,Tumor
86,87,Tumor 3,Tumor
128,129,Tumor 3,Tumor
106,107,Tumor 3,Tumor
149,150,Tumor 3,Tumor
473,474,Tumor 1,Tumor
640,641,Tumor 3,Tumor
131,132,Tumor 2 (Ki67 Proliferating),Tumor
133,134,Tumor 2 (Ki67 Proliferating),Tumor
162,163,Tumor 2 (Ki67 Proliferating),Tumor
91,92,Tumor 2 (Ki67 Proliferating),Tumor
643,644,Tumor 2 (Ki67 Proliferating),Tumor
635,636,Tumor 2 (Ki67 Proliferating),Tumor
490,491,Tumor 7,Tumor
575,576,Tumor 2 (Ki67 Proliferating),Tumor
523,524,Tumor 7,Tumor
580,581,Tumor 4,Tumor
42,43,Tumor 6 / DC,Tumor
35,36,Tumor 4,Tumor
25,26,Tumor 4,Tumor
30,31,Tumor 6 / DC,Tumor
65,66,Tumor 2 (Ki67 Proliferating),Tumor
87,88,Tumor 2 (Ki67 Proliferating),Tumor
488,489,Tumor 7,Tumor
507,508,Tumor 4,Tumor
361,362,Tumor 2 (Ki67 Proliferating),Tumor
373,374,Tumor 6 / DC,Tumor
398,399,Tumor 2 (Ki67 Proliferating),Tumor
450,451,Tumor 2 (Ki67 Proliferating),Tumor
333,334,Tumor 3,Tumor
1362,1363,Tumor 2 (Ki67 Proliferating),Tumor
1492,1493,Tumor 3,Tumor
1464,1465,Tumor 3,Tumor
1419,1420,Tumor 2 (Ki67 Proliferating),Tumor
1349,1350,Tumor 3,Tumor
1365,1366,Tumor 2 (Ki67 Proliferating),Tumor
1405,1406,Tumor 3,Tumor
1446,1447,Tumor 2 (Ki67 Proliferating),Tumor
1453,1454,Tumor 2 (Ki67 Proliferating),Tumor
1442,1443,Tumor 4,Tumor
93,94,Tumor 3,Tumor
27,28,Tumor 4,Tumor
47,48,Tumor 2 (Ki67 Proliferating),Tumor
802,803,Tumor 4,Tumor
751,752,Tumor 1,Tumor
716,717,Tumor 2 (Ki67 Proliferating),Tumor
883,884,Tumor 4,Tumor
867,868,Tumor 4,Tumor
836,837,Tumor 2 (Ki67 Proliferating),Tumor
534,535,Tumor 2 (Ki67 Proliferating),Tumor
608,609,Tumor 1,Tumor
780,781,Tumor 2 (Ki67 Proliferating),Tumor
1104,1105,Tumor 3,Tumor
1422,1423,Tumor 2 (Ki67 Proliferating),Tumor
1461,1462,Tumor 4,Tumor
1416,1417,Tumor 4,Tumor
1372,1373,Tumor 2 (Ki67 Proliferating),Tumor
1071,1072,Tumor 4,Tumor
1247,1248,Tumor 2 (Ki67 Proliferating),Tumor
753,754,Tumor 2 (Ki67 Proliferating),Tumor
1062,1063,Tumor 2 (Ki67 Proliferating),Tumor
1113,1114,Tumor 4,Tumor
1109,1110,Tumor 2 (Ki67 Proliferating),Tumor
1055,1056,Tumor 4,Tumor
931,932,Tumor 2 (Ki67 Proliferating),Tumor
154,155,Tumor 7,Tumor
319,320,Tumor 7,Tumor
303,304,Tumor 3,Tumor
320,321,Tumor 1,Tumor
360,361,Tumor 1,Tumor
257,258,Tumor 4,Tumor
143,144,Tumor 2 (Ki67 Proliferating),Tumor
183,184,Tumor 7,Tumor
359,360,Tumor 3,Tumor
380,381,Tumor 3,Tumor
1059,1060,Tumor 4,Tumor
607,608,Tumor 2 (Ki67 Proliferating),Tumor
764,765,Tumor 4,Tumor
741,742,Tumor 4,Tumor
765,766,Tumor 4,Tumor
611,612,Tumor 4,Tumor
626,627,Tumor 4,Tumor
2001,2002,Tumor 1,Tumor
2087,2088,Tumor 1,Tumor
2130,2131,Tumor 1,Tumor
2176,2177,Tumor 1,Tumor
2331,2332,Tumor 7,Tumor
2325,2326,Tumor 1,Tumor
2254,2255,Tumor 1,Tumor
2407,2408,Tumor 1,Tumor
1770,1771,Tumor 3,Tumor
1769,1770,Tumor 3,Tumor
1731,1732,Tumor 2 (Ki67 Proliferating),Tumor
1694,1695,Tumor 4,Tumor
1732,1733,Tumor 4,Tumor
1725,1726,Tumor 3,Tumor
1148,1149,Tumor 4,Tumor
1085,1086,Tumor 2 (Ki67 Proliferating),Tumor
1112,1113,Tumor 2 (Ki67 Proliferating),Tumor
1048,1049,Tumor 4,Tumor
1028,1029,Tumor 2 (Ki67 Proliferating),Tumor
1052,1053,Tumor 2 (Ki67 Proliferating),Tumor
1404,1405,Tumor 4,Tumor
1137,1138,Tumor 4,Tumor
1327,1328,Tumor 3,Tumor
1330,1331,Tumor 4,Tumor
2112,2113,Tumor 3,Tumor
2152,2153,Tumor 3,Tumor
2054,2055,Tumor 4,Tumor
2088,2089,Tumor 4,Tumor
2153,2154,Tumor 3,Tumor
2120,2121,Tumor 3,Tumor
2159,2160,Tumor 4,Tumor
2235,2236,Tumor 3,Tumor
2204,2205,Tumor 7,Tumor
2196,2197,Tumor 6 / DC,Tumor
2253,2254,Tumor 6 / DC,Tumor
2230,2231,Tumor 3,Tumor
2319,2320,Tumor 6 / DC,Tumor
2318,2319,Tumor 3,Tumor
2182,2183,Tumor 6 / DC,Tumor
2442,2443,Tumor 7,Tumor
2420,2421,Tumor 3,Tumor
2408,2409,Tumor 7,Tumor
2472,2473,Tumor 3,Tumor
2473,2474,Tumor 4,Tumor
2371,2372,Tumor 3,Tumor
2370,2371,Tumor 2 (Ki67 Proliferating),Tumor
2393,2394,Tumor 4,Tumor
2491,2492,Tumor 6 / DC,Tumor
2295,2296,Tumor 3,Tumor
2247,2248,Tumor 6 / DC,Tumor
2252,2253,Tumor 4,Tumor
2379,2380,Tumor 3,Tumor
2421,2422,Tumor 3,Tumor
2422,2423,Tumor 4,Tumor
2362,2363,Tumor 7,Tumor
2342,2343,Tumor 6 / DC,Tumor
2376,2377,Tumor 6 / DC,Tumor
2297,2298,Tumor 3,Tumor
2293,2294,Tumor 3,Tumor
2307,2308,Tumor 7,Tumor
2633,2634,Tumor 3,Tumor
2436,2437,Tumor 3,Tumor
2466,2467,Tumor 4,Tumor
2756,2757,Tumor 1,Tumor
2749,2750,Tumor 1,Tumor
2548,2549,Tumor 1,Tumor
2779,2780,Tumor 3,Tumor
2659,2660,Tumor 7,Tumor
2804,2805,Tumor 7,Tumor
2848,2849,Tumor 1,Tumor
2873,2874,Tumor 1,Tumor
2279,2280,Tumor 1,Tumor
1926,1927,Tumor 7,Tumor
1880,1881,Tumor 7,Tumor
1931,1932,Tumor 2 (Ki67 Proliferating),Tumor
2256,2257,Tumor 7,Tumor
2284,2285,Tumor 1,Tumor
1974,1975,Tumor 3,Tumor
1978,1979,Tumor 7,Tumor
2024,2025,Tumor 6 / DC,Tumor
2056,2057,Tumor 2 (Ki67 Proliferating),Tumor
2870,2871,Tumor 2 (Ki67 Proliferating),Tumor
2828,2829,Tumor 4,Tumor
2795,2796,Tumor 3,Tumor
2842,2843,Tumor 2 (Ki67 Proliferating),Tumor
2874,2875,Tumor 4,Tumor
2901,2902,Tumor 3,Tumor
1877,1878,Tumor 7,Tumor
1845,1846,Tumor 3,Tumor
1798,1799,Tumor 6 / DC,Tumor
1906,1907,Tumor 6 / DC,Tumor
1967,1968,Tumor 2 (Ki67 Proliferating),Tumor
2242,2243,Tumor 2 (Ki67 Proliferating),Tumor
2212,2213,Tumor 3,Tumor
2143,2144,Tumor 7,Tumor
2131,2132,Tumor 4,Tumor
2202,2203,Tumor 2 (Ki67 Proliferating),Tumor
2224,2225,Tumor 6 / DC,Tumor
2430,2431,Tumor 2 (Ki67 Proliferating),Tumor
2382,2383,Tumor 2 (Ki67 Proliferating),Tumor
2434,2435,Tumor 6 / DC,Tumor
2439,2440,Tumor 6 / DC,Tumor
2438,2439,Tumor 2 (Ki67 Proliferating),Tumor
2494,2495,Tumor 4,Tumor
2532,2533,Tumor 2 (Ki67 Proliferating),Tumor
2475,2476,Tumor 6 / DC,Tumor
2431,2432,Tumor 3,Tumor
2460,2461,Tumor 3,Tumor
2426,2427,Tumor 3,Tumor
2315,2316,Tumor 3,Tumor
2531,2532,Tumor 1,Tumor
2524,2525,Tumor 1,Tumor
2374,2375,Tumor 3,Tumor
2348,2349,Tumor 4,Tumor
2513,2514,Tumor 1,Tumor
2488,2489,Tumor 1,Tumor
2444,2445,Tumor 1,Tumor
2560,2561,Tumor 1,Tumor
2011,2012,Tumor 2 (Ki67 Proliferating),Tumor
2063,2064,Tumor 2 (Ki67 Proliferating),Tumor
2126,2127,Tumor 2 (Ki67 Proliferating),Tumor
2028,2029,Tumor 2 (Ki67 Proliferating),Tumor
2081,2082,Tumor 3,Tumor
2994,2995,Tumor 7,Tumor
3018,3019,Tumor 3,Tumor
2691,2692,Tumor 4,Tumor
2567,2568,Tumor 3,Tumor
2527,2528,Tumor 3,Tumor
2502,2503,Tumor 3,Tumor
2789,2790,Tumor 3,Tumor
2774,2775,Tumor 3,Tumor
2733,2734,Tumor 4,Tumor
2908,2909,Tumor 3,Tumor
2797,2798,Tumor 3,Tumor
2767,2768,Tumor 3,Tumor
2657,2658,Tumor 3,Tumor
2620,2621,Tumor 3,Tumor
842,843,Tumor 7,Tumor
755,756,Tumor 6 / DC,Tumor
727,728,Tumor 7,Tumor
770,771,Tumor 7,Tumor
721,722,Tumor 3,Tumor
1111,1112,Tumor 2 (Ki67 Proliferating),Tumor
746,747,Tumor 7,Tumor
824,825,Tumor 2 (Ki67 Proliferating),Tumor
789,790,Tumor 7,Tumor
790,791,Tumor 7,Tumor
768,769,Tumor 7,Tumor
830,831,Tumor 6 / DC,Tumor
777,778,Tumor 1,Tumor
844,845,Tumor 7,Tumor
788,789,Tumor 1,Tumor
823,824,Tumor 7,Tumor
843,844,Tumor 7,Tumor
911,912,Tumor 3,Tumor
864,865,Tumor 7,Tumor
881,882,Tumor 6 / DC,Tumor
1237,1238,Tumor 2 (Ki67 Proliferating),Tumor
1236,1237,Tumor 2 (Ki67 Proliferating),Tumor
512,513,Tumor 7,Tumor
1142,1143,Tumor 4,Tumor
1206,1207,Tumor 2 (Ki67 Proliferating),Tumor
1338,1339,Tumor 2 (Ki67 Proliferating),Tumor
1158,1159,Tumor 2 (Ki67 Proliferating),Tumor
1147,1148,Tumor 2 (Ki67 Proliferating),Tumor
964,965,Tumor 4,Tumor
1038,1039,Tumor 3,Tumor
896,897,Tumor 2 (Ki67 Proliferating),Tumor
1101,1102,Tumor 3,Tumor
1159,1160,Tumor 2 (Ki67 Proliferating),Tumor
1083,1084,Tumor 2 (Ki67 Proliferating),Tumor
1167,1168,Tumor 4,Tumor
1084,1085,Tumor 2 (Ki67 Proliferating),Tumor
1191,1192,Tumor 2 (Ki67 Proliferating),Tumor
1040,1041,Tumor 4,Tumor
1790,1791,Tumor 6 / DC,Tumor
1723,1724,Tumor 2 (Ki67 Proliferating),Tumor
1783,1784,Tumor 2 (Ki67 Proliferating),Tumor
2347,2348,Tumor 3,Tumor
2332,2333,Tumor 3,Tumor
2092,2093,Tumor 3,Tumor
1984,1985,Tumor 6 / DC,Tumor
1977,1978,Tumor 6 / DC,Tumor
629,630,Tumor 1,Tumor
609,610,Tumor 7,Tumor
668,669,Tumor 1,Tumor
679,680,Tumor 1,Tumor
650,651,Tumor 7,Tumor
620,621,Tumor 1,Tumor
572,573,Tumor 1,Tumor
577,578,Tumor 6 / DC,Tumor
1136,1137,Tumor 2 (Ki67 Proliferating),Tumor
1173,1174,Tumor 3,Tumor
1270,1271,Tumor 2 (Ki67 Proliferating),Tumor
1188,1189,Tumor 3,Tumor
1389,1390,Tumor 2 (Ki67 Proliferating),Tumor
1346,1347,Tumor 2 (Ki67 Proliferating),Tumor
1345,1346,Tumor 2 (Ki67 Proliferating),Tumor
1434,1435,Tumor 3,Tumor
1443,1444,Tumor 2 (Ki67 Proliferating),Tumor
355,356,Tumor 3,Tumor
295,296,Tumor 4,Tumor
264,265,Tumor 3,Tumor
408,409,Tumor 3,Tumor
391,392,Tumor 7,Tumor
422,423,Tumor 6 / DC,Tumor
364,365,Tumor 2 (Ki67 Proliferating),Tumor
347,348,Tumor 2 (Ki67 Proliferating),Tumor
310,311,Tumor 2 (Ki67 Proliferating),Tumor
142,143,Tumor 2 (Ki67 Proliferating),Tumor
134,135,Tumor 3,Tumor
124,125,Tumor 3,Tumor
127,128,Tumor 2 (Ki67 Proliferating),Tumor
103,104,Tumor 4,Tumor
192,193,Tumor 2 (Ki67 Proliferating),Tumor
175,176,Tumor 6 / DC,Tumor
444,445,Tumor 3,Tumor
423,424,Tumor 6 / DC,Tumor
562,563,Tumor 2 (Ki67 Proliferating),Tumor
602,603,Tumor 4,Tumor
651,652,Tumor 4,Tumor
537,538,Tumor 3,Tumor
594,595,Tumor 4,Tumor
503,504,Tumor 6 / DC,Tumor
485,486,Tumor 3,Tumor
449,450,Tumor 2 (Ki67 Proliferating),Tumor
475,476,Tumor 6 / DC,Tumor
437,438,Tumor 2 (Ki67 Proliferating),Tumor
451,452,Tumor 2 (Ki67 Proliferating),Tumor
393,394,Tumor 4,Tumor
455,456,Tumor 2 (Ki67 Proliferating),Tumor
1452,1453,Tumor 1,Tumor
1331,1332,Tumor 3,Tumor
1433,1434,Tumor 4,Tumor
1388,1389,Tumor 4,Tumor
1309,1310,Tumor 2 (Ki67 Proliferating),Tumor
75,76,Tumor 2 (Ki67 Proliferating),Tumor
74,75,Tumor 3,Tumor
84,85,Tumor 3,Tumor
98,99,Tumor 3,Tumor
761,762,Tumor 2 (Ki67 Proliferating),Tumor
735,736,Tumor 4,Tumor
646,647,Tumor 2 (Ki67 Proliferating),Tumor
742,743,Tumor 2 (Ki67 Proliferating),Tumor
1037,1038,Tumor 4,Tumor
974,975,Tumor 2 (Ki67 Proliferating),Tumor
1093,1094,Tumor 4,Tumor
1077,1078,Tumor 4,Tumor
1143,1144,Tumor 4,Tumor
1073,1074,Tumor 2 (Ki67 Proliferating),Tumor
1152,1153,Tumor 4,Tumor
1125,1126,Tumor 2 (Ki67 Proliferating),Tumor
1123,1124,Tumor 2 (Ki67 Proliferating),Tumor
804,805,Tumor 2 (Ki67 Proliferating),Tumor
1036,1037,Tumor 2 (Ki67 Proliferating),Tumor
1092,1093,Tumor 2 (Ki67 Proliferating),Tumor
1122,1123,Tumor 4,Tumor
1138,1139,Tumor 2 (Ki67 Proliferating),Tumor
1086,1087,Tumor 2 (Ki67 Proliferating),Tumor
1121,1122,Tumor 4,Tumor
861,862,Tumor 3,Tumor
831,832,Tumor 2 (Ki67 Proliferating),Tumor
420,421,Tumor 3,Tumor
506,507,Tumor 1,Tumor
419,420,Tumor 1,Tumor
416,417,Tumor 3,Tumor
386,387,Tumor 3,Tumor
923,924,Tumor 3,Tumor
873,874,Tumor 3,Tumor
822,823,Tumor 2 (Ki67 Proliferating),Tumor
840,841,Tumor 2 (Ki67 Proliferating),Tumor
800,801,Tumor 2 (Ki67 Proliferating),Tumor
872,873,Tumor 3,Tumor
774,775,Tumor 3,Tumor
811,812,Tumor 3,Tumor
892,893,Tumor 2 (Ki67 Proliferating),Tumor
157,158,Tumor 7,Tumor
129,130,Tumor 1,Tumor
210,211,Tumor 6 / DC,Tumor
233,234,Tumor 6 / DC,Tumor
306,307,Tumor 2 (Ki67 Proliferating),Tumor
499,500,Tumor 3,Tumor
478,479,Tumor 2 (Ki67 Proliferating),Tumor
464,465,Tumor 2 (Ki67 Proliferating),Tumor
265,266,Tumor 2 (Ki67 Proliferating),Tumor
440,441,Tumor 2 (Ki67 Proliferating),Tumor
405,406,Tumor 2 (Ki67 Proliferating),Tumor
482,483,Tumor 2 (Ki67 Proliferating),Tumor
505,506,Tumor 4,Tumor
509,510,Tumor 4,Tumor
826,827,Tumor 4,Tumor
326,327,Tumor 2 (Ki67 Proliferating),Tumor
331,332,Tumor 3,Tumor
424,425,Tumor 2 (Ki67 Proliferating),Tumor
463,464,Tumor 4,Tumor
435,436,Tumor 4,Tumor
414,415,Tumor 4,Tumor
1810,1811,Tumor 3,Tumor
1811,1812,Tumor 3,Tumor
1777,1778,Tumor 2 (Ki67 Proliferating),Tumor
1758,1759,Tumor 4,Tumor
2136,2137,Tumor 1,Tumor
2191,2192,Tumor 1,Tumor
1928,1929,Tumor 4,Tumor
1852,1853,Tumor 2 (Ki67 Proliferating),Tumor
1866,1867,Tumor 3,Tumor
3017,3018,Tumor 2 (Ki67 Proliferating),Tumor
3019,3020,Tumor 2 (Ki67 Proliferating),Tumor
3035,3036,Tumor 4,Tumor
3025,3026,Tumor 3,Tumor
2970,2971,Tumor 3,Tumor
2979,2980,Tumor 7,Tumor
3006,3007,Tumor 1,Tumor
2935,2936,Tumor 6 / DC,Tumor
2927,2928,Tumor 3,Tumor
2904,2905,Tumor 4,Tumor
2969,2970,Tumor 3,Tumor
2907,2908,Tumor 7,Tumor
2959,2960,Tumor 6 / DC,Tumor
2922,2923,Tumor 7,Tumor
1303,1304,Tumor 2 (Ki67 Proliferating),Tumor
1210,1211,Tumor 2 (Ki67 Proliferating),Tumor
1117,1118,Tumor 4,Tumor
1168,1169,Tumor 2 (Ki67 Proliferating),Tumor
1102,1103,Tumor 4,Tumor
1160,1161,Tumor 4,Tumor
1287,1288,Tumor 2 (Ki67 Proliferating),Tumor
1212,1213,Tumor 2 (Ki67 Proliferating),Tumor
1275,1276,Tumor 3,Tumor
1245,1246,Tumor 4,Tumor
1209,1210,Tumor 4,Tumor
1280,1281,Tumor 3,Tumor
1952,1953,Tumor 4,Tumor
2049,2050,Tumor 4,Tumor
1923,1924,Tumor 4,Tumor
2048,2049,Tumor 4,Tumor
1985,1986,Tumor 6 / DC,Tumor
2032,2033,Tumor 4,Tumor
2014,2015,Tumor 2 (Ki67 Proliferating),Tumor
2095,2096,Tumor 4,Tumor
2403,2404,Tumor 4,Tumor
2484,2485,Tumor 7,Tumor
2519,2520,Tumor 6 / DC,Tumor
2353,2354,Tumor 6 / DC,Tumor
2392,2393,Tumor 3,Tumor
2333,2334,Tumor 6 / DC,Tumor
2306,2307,Tumor 6 / DC,Tumor
2412,2413,Tumor 6 / DC,Tumor
2394,2395,Tumor 2 (Ki67 Proliferating),Tumor
2119,2120,Tumor 4,Tumor
2047,2048,Tumor 3,Tumor
2123,2124,Tumor 2 (Ki67 Proliferating),Tumor
2078,2079,Tumor 2 (Ki67 Proliferating),Tumor
2477,2478,Tumor 3,Tumor
2507,2508,Tumor 4,Tumor
2508,2509,Tumor 4,Tumor
2503,2504,Tumor 4,Tumor
2785,2786,Tumor 1,Tumor
2695,2696,Tumor 7,Tumor
2673,2674,Tumor 1,Tumor
2601,2602,Tumor 7,Tumor
2629,2630,Tumor 1,Tumor
2716,2717,Tumor 7,Tumor
2724,2725,Tumor 7,Tumor
2752,2753,Tumor 1,Tumor
2761,2762,Tumor 1,Tumor
2634,2635,Tumor 2 (Ki67 Proliferating),Tumor
2882,2883,Tumor 3,Tumor
2030,2031,Tumor 1,Tumor
2070,2071,Tumor 3,Tumor
2170,2171,Tumor 1,Tumor
2121,2122,Tumor 1,Tumor
2116,2117,Tumor 3,Tumor
2173,2174,Tumor 1,Tumor
2339,2340,Tumor 7,Tumor
2338,2339,Tumor 1,Tumor
2326,2327,Tumor 3,Tumor
2378,2379,Tumor 3,Tumor
2201,2202,Tumor 4,Tumor
2291,2292,Tumor 7,Tumor
2221,2222,Tumor 7,Tumor
2187,2188,Tumor 2 (Ki67 Proliferating),Tumor
2100,2101,Tumor 1,Tumor
2154,2155,Tumor 1,Tumor
2141,2142,Tumor 1,Tumor
2031,2032,Tumor 3,Tumor
2142,2143,Tumor 7,Tumor
2203,2204,Tumor 3,Tumor
2163,2164,Tumor 2 (Ki67 Proliferating),Tumor
2237,2238,Tumor 7,Tumor
2216,2217,Tumor 3,Tumor
2117,2118,Tumor 4,Tumor
2340,2341,Tumor 2 (Ki67 Proliferating),Tumor
2274,2275,Tumor 7,Tumor
2275,2276,Tumor 2 (Ki67 Proliferating),Tumor
2390,2391,Tumor 7,Tumor
2402,2403,Tumor 2 (Ki67 Proliferating),Tumor
2300,2301,Tumor 2 (Ki67 Proliferating),Tumor
2805,2806,Tumor 7,Tumor
2525,2526,Tumor 4,Tumor
2729,2730,Tumor 3,Tumor
2562,2563,Tumor 7,Tumor
2612,2613,Tumor 4,Tumor
2542,2543,Tumor 4,Tumor
2563,2564,Tumor 3,Tumor
2664,2665,Tumor 3,Tumor
2653,2654,Tumor 4,Tumor
914,915,Tumor 7,Tumor
1060,1061,Tumor 7,Tumor
990,991,Tumor 2 (Ki67 Proliferating),Tumor
1031,1032,Tumor 2 (Ki67 Proliferating),Tumor
837,838,Tumor 6 / DC,Tumor
841,842,Tumor 6 / DC,Tumor
952,953,Tumor 7,Tumor
918,919,Tumor 7,Tumor
1005,1006,Tumor 3,Tumor
966,967,Tumor 1,Tumor
976,977,Tumor 3,Tumor
935,936,Tumor 2 (Ki67 Proliferating),Tumor
953,954,Tumor 1,Tumor
932,933,Tumor 7,Tumor
1257,1258,Tumor 2 (Ki67 Proliferating),Tumor
1370,1371,Tumor 4,Tumor
1324,1325,Tumor 2 (Ki67 Proliferating),Tumor
1325,1326,Tumor 2 (Ki67 Proliferating),Tumor
1378,1379,Tumor 2 (Ki67 Proliferating),Tumor
1407,1408,Tumor 2 (Ki67 Proliferating),Tumor
1413,1414,Tumor 4,Tumor
1312,1313,Tumor 2 (Ki67 Proliferating),Tumor
1295,1296,Tumor 2 (Ki67 Proliferating),Tumor
1076,1077,Tumor 3,Tumor
1081,1082,Tumor 2 (Ki67 Proliferating),Tumor
1258,1259,Tumor 7,Tumor
1306,1307,Tumor 2 (Ki67 Proliferating),Tumor
1032,1033,Tumor 2 (Ki67 Proliferating),Tumor
980,981,Tumor 7,Tumor
1026,1027,Tumor 2 (Ki67 Proliferating),Tumor
1095,1096,Tumor 7,Tumor
1855,1856,Tumor 2 (Ki67 Proliferating),Tumor
2261,2262,Tumor 2 (Ki67 Proliferating),Tumor
2305,2306,Tumor 2 (Ki67 Proliferating),Tumor
2214,2215,Tumor 2 (Ki67 Proliferating),Tumor
2341,2342,Tumor 3,Tumor
2229,2230,Tumor 7,Tumor
2209,2210,Tumor 3,Tumor
2151,2152,Tumor 2 (Ki67 Proliferating),Tumor
2167,2168,Tumor 7,Tumor
2114,2115,Tumor 2 (Ki67 Proliferating),Tumor
1945,1946,Tumor 3,Tumor
1916,1917,Tumor 3,Tumor
1863,1864,Tumor 4,Tumor
1857,1858,Tumor 4,Tumor
1912,1913,Tumor 7,Tumor
816,817,Tumor 3,Tumor
880,881,Tumor 2 (Ki67 Proliferating),Tumor
1351,1352,Tumor 3,Tumor
1369,1370,Tumor 4,Tumor
1214,1215,Tumor 3,Tumor
1199,1200,Tumor 6 / DC,Tumor
1288,1289,Tumor 2 (Ki67 Proliferating),Tumor
1311,1312,Tumor 4,Tumor
1021,1022,Tumor 2 (Ki67 Proliferating),Tumor
1087,1088,Tumor 7,Tumor
1088,1089,Tumor 7,Tumor
1130,1131,Tumor 7,Tumor
1094,1095,Tumor 7,Tumor
1039,1040,Tumor 1,Tumor
1226,1227,Tumor 2 (Ki67 Proliferating),Tumor
1256,1257,Tumor 3,Tumor
1154,1155,Tumor 6 / DC,Tumor
1255,1256,Tumor 3,Tumor
1225,1226,Tumor 1,Tumor
1352,1353,Tumor 2 (Ki67 Proliferating),Tumor
1313,1314,Tumor 2 (Ki67 Proliferating),Tumor
1366,1367,Tumor 2 (Ki67 Proliferating),Tumor
1283,1284,Tumor 3,Tumor
1290,1291,Tumor 2 (Ki67 Proliferating),Tumor
1262,1263,Tumor 2 (Ki67 Proliferating),Tumor
198,199,Tumor 4,Tumor
275,276,Tumor 1,Tumor
248,249,Tumor 3,Tumor
222,223,Tumor 3,Tumor
196,197,Tumor 3,Tumor
245,246,Tumor 3,Tumor
204,205,Tumor 4,Tumor
195,196,Tumor 4,Tumor
458,459,Tumor 2 (Ki67 Proliferating),Tumor
470,471,Tumor 7,Tumor
238,239,Tumor 2 (Ki67 Proliferating),Tumor
276,277,Tumor 3,Tumor
185,186,Tumor 3,Tumor
181,182,Tumor 2 (Ki67 Proliferating),Tumor
165,166,Tumor 2 (Ki67 Proliferating),Tumor
207,208,Tumor 2 (Ki67 Proliferating),Tumor
454,455,Tumor 2 (Ki67 Proliferating),Tumor
382,383,Tumor 3,Tumor
599,600,Tumor 2 (Ki67 Proliferating),Tumor
595,596,Tumor 2 (Ki67 Proliferating),Tumor
676,677,Tumor 4,Tumor
707,708,Tumor 4,Tumor
738,739,Tumor 2 (Ki67 Proliferating),Tumor
713,714,Tumor 2 (Ki67 Proliferating),Tumor
653,654,Tumor 2 (Ki67 Proliferating),Tumor
1002,1003,Tumor 4,Tumor
1041,1042,Tumor 4,Tumor
985,986,Tumor 3,Tumor
1006,1007,Tumor 2 (Ki67 Proliferating),Tumor
1361,1362,Tumor 2 (Ki67 Proliferating),Tumor
1399,1400,Tumor 2 (Ki67 Proliferating),Tumor
1367,1368,Tumor 6 / DC,Tumor
1328,1329,Tumor 4,Tumor
1375,1376,Tumor 2 (Ki67 Proliferating),Tumor
1166,1167,Tumor 4,Tumor
1246,1247,Tumor 2 (Ki67 Proliferating),Tumor
1175,1176,Tumor 2 (Ki67 Proliferating),Tumor
1035,1036,Tumor 4,Tumor
972,973,Tumor 2 (Ki67 Proliferating),Tumor
1029,1030,Tumor 4,Tumor
1066,1067,Tumor 4,Tumor
989,990,Tumor 2 (Ki67 Proliferating),Tumor
1072,1073,Tumor 4,Tumor
959,960,Tumor 2 (Ki67 Proliferating),Tumor
793,794,Tumor 4,Tumor
1049,1050,Tumor 4,Tumor
1050,1051,Tumor 4,Tumor
1103,1104,Tumor 3,Tumor
960,961,Tumor 4,Tumor
988,989,Tumor 4,Tumor
897,898,Tumor 2 (Ki67 Proliferating),Tumor
1057,1058,Tumor 4,Tumor
995,996,Tumor 2 (Ki67 Proliferating),Tumor
1001,1002,Tumor 2 (Ki67 Proliferating),Tumor
1024,1025,Tumor 4,Tumor
978,979,Tumor 4,Tumor
973,974,Tumor 4,Tumor
905,906,Tumor 2 (Ki67 Proliferating),Tumor
1016,1017,Tumor 4,Tumor
1004,1005,Tumor 2 (Ki67 Proliferating),Tumor
282,283,Tumor 3,Tumor
302,303,Tumor 3,Tumor
385,386,Tumor 4,Tumor
126,127,Tumor 7,Tumor
135,136,Tumor 1,Tumor
32,33,Tumor 4,Tumor
119,120,Tumor 4,Tumor
353,354,Tumor 2 (Ki67 Proliferating),Tumor
330,331,Tumor 3,Tumor
289,290,Tumor 2 (Ki67 Proliferating),Tumor
324,325,Tumor 4,Tumor
341,342,Tumor 3,Tumor
514,515,Tumor 2 (Ki67 Proliferating),Tumor
569,570,Tumor 3,Tumor
530,531,Tumor 2 (Ki67 Proliferating),Tumor
553,554,Tumor 2 (Ki67 Proliferating),Tumor
411,412,Tumor 7,Tumor
415,416,Tumor 2 (Ki67 Proliferating),Tumor
484,485,Tumor 2 (Ki67 Proliferating),Tumor
293,294,Tumor 7,Tumor
249,250,Tumor 3,Tumor
236,237,Tumor 3,Tumor
427,428,Tumor 2 (Ki67 Proliferating),Tumor
536,537,Tumor 2 (Ki67 Proliferating),Tumor
508,509,Tumor 2 (Ki67 Proliferating),Tumor
554,555,Tumor 2 (Ki67 Proliferating),Tumor
541,542,Tumor 4,Tumor
696,697,Tumor 2 (Ki67 Proliferating),Tumor
439,440,Tumor 4,Tumor
476,477,Tumor 2 (Ki67 Proliferating),Tumor
460,461,Tumor 4,Tumor
2150,2151,Tumor 1,Tumor
2108,2109,Tumor 1,Tumor
2074,2075,Tumor 3,Tumor
2050,2051,Tumor 7,Tumor
2351,2352,Tumor 2 (Ki67 Proliferating),Tumor
2697,2698,Tumor 7,Tumor
2662,2663,Tumor 2 (Ki67 Proliferating),Tumor
2451,2452,Tumor 7,Tumor
2172,2173,Tumor 1,Tumor
2200,2201,Tumor 1,Tumor
2135,2136,Tumor 1,Tumor
2109,2110,Tumor 1,Tumor
1903,1904,Tumor 4,Tumor
1939,1940,Tumor 2 (Ki67 Proliferating),Tumor
1241,1242,Tumor 2 (Ki67 Proliferating),Tumor
1141,1142,Tumor 2 (Ki67 Proliferating),Tumor
1165,1166,Tumor 2 (Ki67 Proliferating),Tumor
1260,1261,Tumor 2 (Ki67 Proliferating),Tumor
1281,1282,Tumor 2 (Ki67 Proliferating),Tumor
1252,1253,Tumor 2 (Ki67 Proliferating),Tumor
1294,1295,Tumor 4,Tumor
2094,2095,Tumor 2 (Ki67 Proliferating),Tumor
1981,1982,Tumor 2 (Ki67 Proliferating),Tumor
2084,2085,Tumor 2 (Ki67 Proliferating),Tumor
2640,2641,Tumor 1,Tumor
2615,2616,Tumor 1,Tumor
2630,2631,Tumor 1,Tumor
2616,2617,Tumor 1,Tumor
2577,2578,Tumor 1,Tumor
2389,2390,Tumor 1,Tumor
2401,2402,Tumor 1,Tumor
2273,2274,Tumor 1,Tumor
2192,2193,Tumor 1,Tumor
2231,2232,Tumor 7,Tumor
2289,2290,Tumor 1,Tumor
2255,2256,Tumor 1,Tumor
2887,2888,Tumor 2 (Ki67 Proliferating),Tumor
2780,2781,Tumor 1,Tumor
2583,2584,Tumor 2 (Ki67 Proliferating),Tumor
2619,2620,Tumor 4,Tumor
2753,2754,Tumor 3,Tumor
2623,2624,Tumor 3,Tumor
2549,2550,Tumor 1,Tumor
2591,2592,Tumor 4,Tumor
2582,2583,Tumor 1,Tumor
2603,2604,Tumor 1,Tumor
2705,2706,Tumor 3,Tumor
2719,2720,Tumor 1,Tumor
2675,2676,Tumor 3,Tumor
2740,2741,Tumor 1,Tumor
2709,2710,Tumor 7,Tumor
2624,2625,Tumor 3,Tumor
2589,2590,Tumor 3,Tumor
2538,2539,Tumor 3,Tumor
2506,2507,Tumor 3,Tumor
941,942,Tumor 2 (Ki67 Proliferating),Tumor
877,878,Tumor 2 (Ki67 Proliferating),Tumor
887,888,Tumor 3,Tumor
942,943,Tumor 2 (Ki67 Proliferating),Tumor
954,955,Tumor 6 / DC,Tumor
963,964,Tumor 3,Tumor
1009,1010,Tumor 1,Tumor
1079,1080,Tumor 2 (Ki67 Proliferating),Tumor
885,886,Tumor 3,Tumor
971,972,Tumor 3,Tumor
956,957,Tumor 4,Tumor
929,930,Tumor 3,Tumor
323,324,Tumor 3,Tumor
255,256,Tumor 3,Tumor
230,231,Tumor 2 (Ki67 Proliferating),Tumor
615,616,Tumor 3,Tumor
623,624,Tumor 2 (Ki67 Proliferating),Tumor
1254,1255,Tumor 2 (Ki67 Proliferating),Tumor
1222,1223,Tumor 4,Tumor
1266,1267,Tumor 2 (Ki67 Proliferating),Tumor
1336,1337,Tumor 2 (Ki67 Proliferating),Tumor
1204,1205,Tumor 2 (Ki67 Proliferating),Tumor
862,863,Tumor 2 (Ki67 Proliferating),Tumor
829,830,Tumor 2 (Ki67 Proliferating),Tumor
779,780,Tumor 2 (Ki67 Proliferating),Tumor
984,985,Tumor 4,Tumor
968,969,Tumor 4,Tumor
425,426,Tumor 2 (Ki67 Proliferating),Tumor
429,430,Tumor 2 (Ki67 Proliferating),Tumor
461,462,Tumor 3,Tumor
472,473,Tumor 4,Tumor
468,469,Tumor 4,Tumor
325,326,Tumor 2 (Ki67 Proliferating),Tumor
349,350,Tumor 7,Tumor
418,419,Tumor 3,Tumor
376,377,Tumor 7,Tumor
208,209,Tumor 3,Tumor
184,185,Tumor 1,Tumor
225,226,Tumor 7,Tumor
187,188,Tumor 3,Tumor
308,309,Tumor 3,Tumor
335,336,Tumor 2 (Ki67 Proliferating),Tumor
402,403,Tumor 2 (Ki67 Proliferating),Tumor
272,273,Tumor 7,Tumor
213,214,Tumor 1,Tumor
182,183,Tumor 7,Tumor
163,164,Tumor 7,Tumor
212,213,Tumor 2 (Ki67 Proliferating),Tumor
401,402,Tumor 2 (Ki67 Proliferating),Tumor
372,373,Tumor 2 (Ki67 Proliferating),Tumor
434,435,Tumor 3,Tumor
430,431,Tumor 2 (Ki67 Proliferating),Tumor
498,499,Tumor 2 (Ki67 Proliferating),Tumor
524,525,Tumor 2 (Ki67 Proliferating),Tumor
552,553,Tumor 2 (Ki67 Proliferating),Tumor
496,497,Tumor 2 (Ki67 Proliferating),Tumor
596,597,Tumor 2 (Ki67 Proliferating),Tumor
627,628,Tumor 4,Tumor
566,567,Tumor 2 (Ki67 Proliferating),Tumor
686,687,Tumor 2 (Ki67 Proliferating),Tumor
581,582,Tumor 2 (Ki67 Proliferating),Tumor
636,637,Tumor 2 (Ki67 Proliferating),Tumor
593,594,Tumor 2 (Ki67 Proliferating),Tumor
590,591,Tumor 3,Tumor
706,707,Tumor 4,Tumor
683,684,Tumor 4,Tumor
2271,2272,Tumor 2 (Ki67 Proliferating),Tumor
2287,2288,Tumor 4,Tumor
2308,2309,Tumor 3,Tumor
2264,2265,Tumor 2 (Ki67 Proliferating),Tumor
2400,2401,Tumor 4,Tumor
2395,2396,Tumor 2 (Ki67 Proliferating),Tumor
2354,2355,Tumor 3,Tumor
2449,2450,Tumor 4,Tumor
2625,2626,Tumor 4,Tumor
2712,2713,Tumor 3,Tumor
2735,2736,Tumor 6 / DC,Tumor
2555,2556,Tumor 1,Tumor
2288,2289,Tumor 1,Tumor
2367,2368,Tumor 1,Tumor
2303,2304,Tumor 1,Tumor
2344,2345,Tumor 1,Tumor
2227,2228,Tumor 1,Tumor
2245,2246,Tumor 7,Tumor
2208,2209,Tumor 1,Tumor
2186,2187,Tumor 1,Tumor
1940,1941,Tumor 2 (Ki67 Proliferating),Tumor
1904,1905,Tumor 4,Tumor
1970,1971,Tumor 2 (Ki67 Proliferating),Tumor
1987,1988,Tumor 4,Tumor
2168,2169,Tumor 3,Tumor
2097,2098,Tumor 3,Tumor
2147,2148,Tumor 3,Tumor
2115,2116,Tumor 3,Tumor
1359,1360,Tumor 2 (Ki67 Proliferating),Tumor
1298,1299,Tumor 4,Tumor
1348,1349,Tumor 4,Tumor
1342,1343,Tumor 2 (Ki67 Proliferating),Tumor
1396,1397,Tumor 4,Tumor
1439,1440,Tumor 2 (Ki67 Proliferating),Tumor
2046,2047,Tumor 2 (Ki67 Proliferating),Tumor
2485,2486,Tumor 3,Tumor
2487,2488,Tumor 1,Tumor
2499,2500,Tumor 1,Tumor
2547,2548,Tumor 1,Tumor
2433,2434,Tumor 1,Tumor
2516,2517,Tumor 1,Tumor
2500,2501,Tumor 1,Tumor
2440,2441,Tumor 1,Tumor
2895,2896,Tumor 3,Tumor
2915,2916,Tumor 2 (Ki67 Proliferating),Tumor
2851,2852,Tumor 1,Tumor
2883,2884,Tumor 2 (Ki67 Proliferating),Tumor
2832,2833,Tumor 1,Tumor
2604,2605,Tumor 7,Tumor
2618,2619,Tumor 1,Tumor
2641,2642,Tumor 3,Tumor
2786,2787,Tumor 1,Tumor
2708,2709,Tumor 1,Tumor
2739,2740,Tumor 1,Tumor
2678,2679,Tumor 1,Tumor
1156,1157,Tumor 3,Tumor
1217,1218,Tumor 2 (Ki67 Proliferating),Tumor
1162,1163,Tumor 2 (Ki67 Proliferating),Tumor
1216,1217,Tumor 2 (Ki67 Proliferating),Tumor
1218,1219,Tumor 2 (Ki67 Proliferating),Tumor
1227,1228,Tumor 2 (Ki67 Proliferating),Tumor
1180,1181,Tumor 2 (Ki67 Proliferating),Tumor
1034,1035,Tumor 2 (Ki67 Proliferating),Tumor
1070,1071,Tumor 3,Tumor
1145,1146,Tumor 4,Tumor
1357,1358,Tumor 2 (Ki67 Proliferating),Tumor
1291,1292,Tumor 2 (Ki67 Proliferating),Tumor
1250,1251,Tumor 2 (Ki67 Proliferating),Tumor
1251,1252,Tumor 2 (Ki67 Proliferating),Tumor
1186,1187,Tumor 2 (Ki67 Proliferating),Tumor
1190,1191,Tumor 2 (Ki67 Proliferating),Tumor
1263,1264,Tumor 2 (Ki67 Proliferating),Tumor
813,814,Tumor 2 (Ki67 Proliferating),Tumor
882,883,Tumor 2 (Ki67 Proliferating),Tumor
388,389,Tumor 3,Tumor
351,352,Tumor 2 (Ki67 Proliferating),Tumor
315,316,Tumor 1,Tumor
252,253,Tumor 2 (Ki67 Proliferating),Tumor
279,280,Tumor 2 (Ki67 Proliferating),Tumor
866,867,Tumor 2 (Ki67 Proliferating),Tumor
961,962,Tumor 2 (Ki67 Proliferating),Tumor
903,904,Tumor 2 (Ki67 Proliferating),Tumor
917,918,Tumor 4,Tumor
869,870,Tumor 2 (Ki67 Proliferating),Tumor
814,815,Tumor 4,Tumor
817,818,Tumor 4,Tumor
891,892,Tumor 2 (Ki67 Proliferating),Tumor
859,860,Tumor 2 (Ki67 Proliferating),Tumor
827,828,Tumor 2 (Ki67 Proliferating),Tumor
362,363,Tumor 7,Tumor
318,319,Tumor 3,Tumor
383,384,Tumor 4,Tumor
215,216,Tumor 3,Tumor
200,201,Tumor 7,Tumor
345,346,Tumor 2 (Ki67 Proliferating),Tumor
232,233,Tumor 4,Tumor
110,111,Tumor 2 (Ki67 Proliferating),Tumor
66,67,Tumor 6 / DC,Tumor
160,161,Tumor 7,Tumor
188,189,Tumor 2 (Ki67 Proliferating),Tumor
631,632,Tumor 3,Tumor
592,593,Tumor 2 (Ki67 Proliferating),Tumor
563,564,Tumor 2 (Ki67 Proliferating),Tumor
2210,2211,Tumor 7,Tumor
2258,2259,Tumor 3,Tumor
2019,2020,Tumor 3,Tumor
2041,2042,Tumor 3,Tumor
2103,2104,Tumor 1,Tumor
2068,2069,Tumor 1,Tumor
2149,2150,Tumor 2 (Ki67 Proliferating),Tumor
2053,2054,Tumor 1,Tumor
2134,2135,Tumor 4,Tumor
2080,2081,Tumor 4,Tumor
2067,2068,Tumor 2 (Ki67 Proliferating),Tumor
2244,2245,Tumor 2 (Ki67 Proliferating),Tumor
2179,2180,Tumor 2 (Ki67 Proliferating),Tumor
2215,2216,Tumor 4,Tumor
2220,2221,Tumor 6 / DC,Tumor
2190,2191,Tumor 2 (Ki67 Proliferating),Tumor
2272,2273,Tumor 4,Tumor
2334,2335,Tumor 1,Tumor
2257,2258,Tumor 7,Tumor
2313,2314,Tumor 2 (Ki67 Proliferating),Tumor
2564,2565,Tumor 3,Tumor
2636,2637,Tumor 2 (Ki67 Proliferating),Tumor
2554,2555,Tumor 2 (Ki67 Proliferating),Tumor
2236,2237,Tumor 1,Tumor
2199,2200,Tumor 1,Tumor
2249,2250,Tumor 7,Tumor
2102,2103,Tumor 4,Tumor
2040,2041,Tumor 2 (Ki67 Proliferating),Tumor
1979,1980,Tumor 3,Tumor
1998,1999,Tumor 2 (Ki67 Proliferating),Tumor
2057,2058,Tumor 3,Tumor
2162,2163,Tumor 3,Tumor
2086,2087,Tumor 4,Tumor
2073,2074,Tumor 4,Tumor
2093,2094,Tumor 4,Tumor
2127,2128,Tumor 2 (Ki67 Proliferating),Tumor
2194,2195,Tumor 2 (Ki67 Proliferating),Tumor
2188,2189,Tumor 2 (Ki67 Proliferating),Tumor
2536,2537,Tumor 1,Tumor
2492,2493,Tumor 7,Tumor
2505,2506,Tumor 1,Tumor
2481,2482,Tumor 1,Tumor
2540,2541,Tumor 1,Tumor
2565,2566,Tumor 1,Tumor
2523,2524,Tumor 1,Tumor
2462,2463,Tumor 1,Tumor
2474,2475,Tumor 1,Tumor
2864,2865,Tumor 3,Tumor
2799,2800,Tumor 3,Tumor
2823,2824,Tumor 1,Tumor
2849,2850,Tumor 2 (Ki67 Proliferating),Tumor
2826,2827,Tumor 1,Tumor
2782,2783,Tumor 3,Tumor
2757,2758,Tumor 1,Tumor
2608,2609,Tumor 1,Tumor
2648,2649,Tumor 7,Tumor
2700,2701,Tumor 3,Tumor
2646,2647,Tumor 7,Tumor
1069,1070,Tumor 3,Tumor
1044,1045,Tumor 2 (Ki67 Proliferating),Tumor
1096,1097,Tumor 2 (Ki67 Proliferating),Tumor
1119,1120,Tumor 2 (Ki67 Proliferating),Tumor
810,811,Tumor 3,Tumor
217,218,Tumor 2 (Ki67 Proliferating),Tumor
300,301,Tumor 2 (Ki67 Proliferating),Tumor
431,432,Tumor 2 (Ki67 Proliferating),Tumor
399,400,Tumor 2 (Ki67 Proliferating),Tumor
428,429,Tumor 2 (Ki67 Proliferating),Tumor
390,391,Tumor 3,Tumor
483,484,Tumor 4,Tumor
191,192,Tumor 7,Tumor
606,607,Tumor 4,Tumor
625,626,Tumor 2 (Ki67 Proliferating),Tumor
677,678,Tumor 3,Tumor
667,668,Tumor 2 (Ki67 Proliferating),Tumor
701,702,Tumor 4,Tumor
2140,2141,Tumor 1,Tumor
2198,2199,Tumor 3,Tumor
2161,2162,Tumor 1,Tumor
2082,2083,Tumor 1,Tumor
2128,2129,Tumor 3,Tumor
2089,2090,Tumor 3,Tumor
2467,2468,Tumor 2 (Ki67 Proliferating),Tumor
2423,2424,Tumor 7,Tumor
2386,2387,Tumor 3,Tumor
2450,2451,Tumor 7,Tumor
2545,2546,Tumor 2 (Ki67 Proliferating),Tumor
2606,2607,Tumor 3,Tumor
2622,2623,Tumor 1,Tumor
2515,2516,Tumor 3,Tumor
2486,2487,Tumor 2 (Ki67 Proliferating),Tumor
2607,2608,Tumor 1,Tumor
2576,2577,Tumor 7,Tumor
2180,2181,Tumor 3,Tumor
2358,2359,Tumor 3,Tumor
2561,2562,Tumor 4,Tumor
2544,2545,Tumor 2 (Ki67 Proliferating),Tumor
2509,2510,Tumor 3,Tumor
2454,2455,Tumor 4,Tumor
2585,2586,Tumor 4,Tumor
2595,2596,Tumor 4,Tumor
2529,2530,Tumor 3,Tumor
2330,2331,Tumor 1,Tumor
2265,2266,Tumor 1,Tumor
2314,2315,Tumor 7,Tumor
2302,2303,Tumor 1,Tumor
2363,2364,Tumor 1,Tumor
2834,2835,Tumor 3,Tumor
2877,2878,Tumor 2 (Ki67 Proliferating),Tumor
2898,2899,Tumor 2 (Ki67 Proliferating),Tumor
2836,2837,Tumor 2 (Ki67 Proliferating),Tumor
2884,2885,Tumor 4,Tumor
2827,2828,Tumor 3,Tumor
2669,2670,Tumor 4,Tumor
1100,1101,Tumor 2 (Ki67 Proliferating),Tumor
993,994,Tumor 2 (Ki67 Proliferating),Tumor
1080,1081,Tumor 4,Tumor
1008,1009,Tumor 3,Tumor
921,922,Tumor 2 (Ki67 Proliferating),Tumor
847,848,Tumor 3,Tumor
884,885,Tumor 2 (Ki67 Proliferating),Tumor
850,851,Tumor 3,Tumor
965,966,Tumor 2 (Ki67 Proliferating),Tumor
939,940,Tumor 2 (Ki67 Proliferating),Tumor
902,903,Tumor 3,Tumor
254,255,Tumor 2 (Ki67 Proliferating),Tumor
311,312,Tumor 2 (Ki67 Proliferating),Tumor
239,240,Tumor 4,Tumor
197,198,Tumor 4,Tumor
218,219,Tumor 2 (Ki67 Proliferating),Tumor
312,313,Tumor 2 (Ki67 Proliferating),Tumor
305,306,Tumor 3,Tumor
365,366,Tumor 2 (Ki67 Proliferating),Tumor
395,396,Tumor 3,Tumor
322,323,Tumor 2 (Ki67 Proliferating),Tumor
314,315,Tumor 2 (Ki67 Proliferating),Tumor
389,390,Tumor 2 (Ki67 Proliferating),Tumor
404,405,Tumor 2 (Ki67 Proliferating),Tumor
348,349,Tumor 2 (Ki67 Proliferating),Tumor
350,351,Tumor 2 (Ki67 Proliferating),Tumor
378,379,Tumor 4,Tumor
168,169,Tumor 2 (Ki67 Proliferating),Tumor
141,142,Tumor 3,Tumor
161,162,Tumor 2 (Ki67 Proliferating),Tumor
189,190,Tumor 2 (Ki67 Proliferating),Tumor
179,180,Tumor 1,Tumor
145,146,Tumor 3,Tumor
2329,2330,Tumor 3,Tumor
2290,2291,Tumor 2 (Ki67 Proliferating),Tumor
